 {
    "description": "Spleen Segmentation",
    "labels": {
        "0": "background",
        "1": "spleen"
    },
    "licence": "CC-BY-SA 4.0",
    "modality": {
        "0": "CT"
    },
    "name": "Spleen",
    "numTest": 20,
    "numTraining": 41,
    "reference": "Memorial Sloan Kettering Cancer Center",
    "release": "1.0 06/08/2018",
    "tensorImageSize": "3D",
    "test": [
        "imagesTs/spleen_15.nii.gz",
        "imagesTs/spleen_23.nii.gz",
        "imagesTs/spleen_1.nii.gz",
        "imagesTs/spleen_42.nii.gz",
        "imagesTs/spleen_50.nii.gz",
        "imagesTs/spleen_54.nii.gz",
        "imagesTs/spleen_37.nii.gz",
        "imagesTs/spleen_58.nii.gz",
        "imagesTs/spleen_39.nii.gz",
        "imagesTs/spleen_48.nii.gz",
        "imagesTs/spleen_35.nii.gz",
        "imagesTs/spleen_11.nii.gz",
        "imagesTs/spleen_7.nii.gz",
        "imagesTs/spleen_30.nii.gz",
        "imagesTs/spleen_43.nii.gz",
        "imagesTs/spleen_51.nii.gz",
        "imagesTs/spleen_36.nii.gz",
        "imagesTs/spleen_55.nii.gz",
        "imagesTs/spleen_57.nii.gz",
        "imagesTs/spleen_34.nii.gz"
    ],
    "training": [
        {
            "image": "imagesTr/spleen_29.nii",
            "label": "labelsTr/spleen_29.nii"
        },
        {
            "image": "imagesTr/spleen_46.nii",
            "label": "labelsTr/spleen_46.nii"
        },
        {
            "image": "imagesTr/spleen_25.nii",
            "label": "labelsTr/spleen_25.nii"
        },
        {
            "image": "imagesTr/spleen_13.nii",
            "label": "labelsTr/spleen_13.nii"
        },
        {
            "image": "imagesTr/spleen_62.nii",
            "label": "labelsTr/spleen_62.nii"
        },
        {
            "image": "imagesTr/spleen_27.nii",
            "label": "labelsTr/spleen_27.nii"
        },
        {
            "image": "imagesTr/spleen_44.nii",
            "label": "labelsTr/spleen_44.nii"
        },
        {
            "image": "imagesTr/spleen_56.nii",
            "label": "labelsTr/spleen_56.nii"
        },
        {
            "image": "imagesTr/spleen_60.nii",
            "label": "labelsTr/spleen_60.nii"
        },
        {
            "image": "imagesTr/spleen_2.nii",
            "label": "labelsTr/spleen_2.nii"
        },
        {
            "image": "imagesTr/spleen_53.nii",
            "label": "labelsTr/spleen_53.nii"
        },
        {
            "image": "imagesTr/spleen_41.nii",
            "label": "labelsTr/spleen_41.nii"
        },
        {
            "image": "imagesTr/spleen_22.nii",
            "label": "labelsTr/spleen_22.nii"
        },
        {
            "image": "imagesTr/spleen_14.nii",
            "label": "labelsTr/spleen_14.nii"
        },
        {
            "image": "imagesTr/spleen_18.nii",
            "label": "labelsTr/spleen_18.nii"
        },
        {
            "image": "imagesTr/spleen_20.nii",
            "label": "labelsTr/spleen_20.nii"
        },
        {
            "image": "imagesTr/spleen_32.nii",
            "label": "labelsTr/spleen_32.nii"
        },
        {
            "image": "imagesTr/spleen_16.nii",
            "label": "labelsTr/spleen_16.nii"
        },
        {
            "image": "imagesTr/spleen_12.nii",
            "label": "labelsTr/spleen_12.nii"
        },
        {
            "image": "imagesTr/spleen_63.nii",
            "label": "labelsTr/spleen_63.nii"
        },
        {
            "image": "imagesTr/spleen_28.nii",
            "label": "labelsTr/spleen_28.nii"
        },
        {
            "image": "imagesTr/spleen_59.nii",
            "label": "labelsTr/spleen_59.nii"
        },
        {
            "image": "imagesTr/spleen_47.nii",
            "label": "labelsTr/spleen_47.nii"
        },
        {
            "image": "imagesTr/spleen_8.nii",
            "label": "labelsTr/spleen_8.nii"
        },
        {
            "image": "imagesTr/spleen_6.nii",
            "label": "labelsTr/spleen_6.nii"
        },
        {
            "image": "imagesTr/spleen_61.nii",
            "label": "labelsTr/spleen_61.nii"
        },
        {
            "image": "imagesTr/spleen_10.nii",
            "label": "labelsTr/spleen_10.nii"
        },
        {
            "image": "imagesTr/spleen_38.nii",
            "label": "labelsTr/spleen_38.nii"
        },
        {
            "image": "imagesTr/spleen_45.nii",
            "label": "labelsTr/spleen_45.nii"
        },
        {
            "image": "imagesTr/spleen_26.nii",
            "label": "labelsTr/spleen_26.nii"
        },
        {
            "image": "imagesTr/spleen_49.nii",
            "label": "labelsTr/spleen_49.nii"
        }
    ],
    "testing": [
        {
            "image": "imagesTr/spleen_19.nii.gz",
            "label": "labelsTr/spleen_19.nii.gz"
        },
        {
            "image": "imagesTr/spleen_31.nii.gz",
            "label": "labelsTr/spleen_31.nii.gz"
        },
        {
            "image": "imagesTr/spleen_52.nii.gz",
            "label": "labelsTr/spleen_52.nii.gz"
        },
        {
            "image": "imagesTr/spleen_40.nii.gz",
            "label": "labelsTr/spleen_40.nii.gz"
        },
        {
            "image": "imagesTr/spleen_3.nii.gz",
            "label": "labelsTr/spleen_3.nii.gz"
        },
        {
            "image": "imagesTr/spleen_17.nii.gz",
            "label": "labelsTr/spleen_17.nii.gz"
        }
    ],
    "validation": [
        {
            "image": "imagesTr/spleen_21.nii",
            "label": "labelsTr/spleen_21.nii"
        },
        {
            "image": "imagesTr/spleen_24.nii",
            "label": "labelsTr/spleen_24.nii"
        },
        {
            "image": "imagesTr/spleen_33.nii",
            "label": "labelsTr/spleen_33.nii"
        },
        {
            "image": "imagesTr/spleen_9.nii",
            "label": "labelsTr/spleen_9.nii"
        }
    ]
}
